{
  "load_data_time_seconds": 2.4346415996551514,
  "training_time_seconds": 9.24232006072998,
  "auc_roc": 0.8459134146061351,
  "accuracy": 0.8957726203433868,
  "f1_score": 0.025603151157065487,
  "precision": 0.013010842368640533,
  "recall": 0.7959183673469388,
  "inference_latency_1_row_seconds": 0.0018901824951171875,
  "inference_time_1000_rows_seconds": 0.0039370059967041016
}